<?xml version='1.0' encoding='UTF-8'?>
<wd:Get_Workers_Response xmlns:wd="urn:com.workday/bsvc"
	wd:version="v30.0">
	<wd:Request_Criteria>
		<wd:Exclude_Inactive_Workers>1</wd:Exclude_Inactive_Workers>
		<wd:Exclude_Employees>0</wd:Exclude_Employees>
		<wd:Exclude_Contingent_Workers>0</wd:Exclude_Contingent_Workers>
	</wd:Request_Criteria>
	<wd:Response_Filter>
		<wd:Page>1</wd:Page>
	</wd:Response_Filter>
	<wd:Response_Results>
		<wd:Total_Results>3</wd:Total_Results>
		<wd:Total_Pages>1</wd:Total_Pages>
		<wd:Page_Results>3</wd:Page_Results>
		<wd:Page>1</wd:Page>
	</wd:Response_Results>
	<wd:Response_Data>
		<wd:Worker>
			<wd:Worker_Reference>
				<wd:ID wd:type="WID">69bd8d24b03601bf1c374e1a46360244</wd:ID>
				<wd:ID wd:type="Employee_ID">00000001</wd:ID>
			</wd:Worker_Reference>
			<wd:Worker_Descriptor>Sinclair Beecham</wd:Worker_Descriptor>
			<wd:Worker_Data>
				<wd:Worker_ID>00000001</wd:Worker_ID>
				<wd:User_ID>00000001</wd:User_ID>
				<wd:Personal_Data>
					<wd:Name_Data>
						<wd:Legal_Name_Data>
							<wd:Name_Detail_Data wd:Formatted_Name="Sinclair Beecham"
								wd:Reporting_Name="Beecham, Sinclair">
								<wd:Country_Reference>
									<wd:ID wd:type="WID">29247e57dbaf46fb855b224e03170bc7</wd:ID>
									<wd:ID wd:type="ISO_3166-1_Alpha-2_Code">GB</wd:ID>
									<wd:ID wd:type="ISO_3166-1_Alpha-3_Code">GBR</wd:ID>
									<wd:ID wd:type="ISO_3166-1_Numeric-3_Code">826</wd:ID>
								</wd:Country_Reference>
								<wd:Prefix_Data>
									<wd:Title_Reference>
										<wd:ID wd:type="WID">541d79e7cd2501b18ce7682fab315416
										</wd:ID>
										<wd:ID wd:type="Predefined_Name_Component_ID">GBR_Mr</wd:ID>
									</wd:Title_Reference>
									<wd:Title_Descriptor>Mr</wd:Title_Descriptor>
								</wd:Prefix_Data>
								<wd:First_Name>Sinclair</wd:First_Name>
								<wd:Last_Name>Beecham</wd:Last_Name>
							</wd:Name_Detail_Data>
						</wd:Legal_Name_Data>
						<wd:Preferred_Name_Data>
							<wd:Name_Detail_Data wd:Formatted_Name="Sinclair Beecham"
								wd:Reporting_Name="Beecham, Sinclair">
								<wd:Country_Reference>
									<wd:ID wd:type="WID">29247e57dbaf46fb855b224e03170bc7</wd:ID>
									<wd:ID wd:type="ISO_3166-1_Alpha-2_Code">GB</wd:ID>
									<wd:ID wd:type="ISO_3166-1_Alpha-3_Code">GBR</wd:ID>
									<wd:ID wd:type="ISO_3166-1_Numeric-3_Code">826</wd:ID>
								</wd:Country_Reference>
								<wd:Prefix_Data>
									<wd:Title_Reference>
										<wd:ID wd:type="WID">541d79e7cd2501b18ce7682fab315416
										</wd:ID>
										<wd:ID wd:type="Predefined_Name_Component_ID">GBR_Mr</wd:ID>
									</wd:Title_Reference>
									<wd:Title_Descriptor>Mr</wd:Title_Descriptor>
								</wd:Prefix_Data>
								<wd:First_Name>Sinclair</wd:First_Name>
								<wd:Last_Name>Beecham</wd:Last_Name>
							</wd:Name_Detail_Data>
						</wd:Preferred_Name_Data>
					</wd:Name_Data>
					<wd:Identification_Data>
						<wd:National_ID>
							<wd:National_ID_Reference>
								<wd:ID wd:type="WID">69bd8d24b03601a6147d23b1823620ef</wd:ID>
							</wd:National_ID_Reference>
							<wd:National_ID_Data>
								<wd:ID>WK032981C</wd:ID>
								<wd:ID_Type_Reference>
									<wd:ID wd:type="WID">44f5ee0034f446f6b25acd32698d4d9f</wd:ID>
									<wd:ID wd:type="National_ID_Type_Code">GBR-NI</wd:ID>
								</wd:ID_Type_Reference>
								<wd:Country_Reference>
									<wd:ID wd:type="WID">29247e57dbaf46fb855b224e03170bc7</wd:ID>
									<wd:ID wd:type="ISO_3166-1_Alpha-2_Code">GB</wd:ID>
									<wd:ID wd:type="ISO_3166-1_Alpha-3_Code">GBR</wd:ID>
									<wd:ID wd:type="ISO_3166-1_Numeric-3_Code">826</wd:ID>
								</wd:Country_Reference>
							</wd:National_ID_Data>
							<wd:National_ID_Shared_Reference>
								<wd:ID wd:type="WID">69bd8d24b03601ce8e9f23b1823621ef</wd:ID>
								<wd:ID wd:type="National_Identifier_Reference_ID">NATIONAL_IDENTIFIER_REFERENCE-6-1</wd:ID>
							</wd:National_ID_Shared_Reference>
						</wd:National_ID>
					</wd:Identification_Data>
					<wd:Contact_Data>
						<wd:Address_Data wd:Effective_Date="1980-01-01-08:00"
							wd:Address_Format_Type="Basic"
							wd:Formatted_Address="75B, Verde, 10 Bressenden Pl&amp;#xa;Westminster&amp;#xa;London&amp;#xa;SW1E 5DH&amp;#xa;United Kingdom"
							wd:Defaulted_Business_Site_Address="1">
							<wd:Country_Reference>
								<wd:ID wd:type="WID">29247e57dbaf46fb855b224e03170bc7</wd:ID>
								<wd:ID wd:type="ISO_3166-1_Alpha-2_Code">GB</wd:ID>
								<wd:ID wd:type="ISO_3166-1_Alpha-3_Code">GBR</wd:ID>
								<wd:ID wd:type="ISO_3166-1_Numeric-3_Code">826</wd:ID>
							</wd:Country_Reference>
							<wd:Last_Modified>2018-02-22T01:40:47.282-08:00
							</wd:Last_Modified>
							<wd:Address_Line_Data wd:Type="ADDRESS_LINE_1"
								wd:Descriptor="Address Line 1">75B, Verde, 10 Bressenden Pl
							</wd:Address_Line_Data>
							<wd:Address_Line_Data wd:Type="ADDRESS_LINE_2"
								wd:Descriptor="Address Line 2">Westminster</wd:Address_Line_Data>
							<wd:Municipality>London</wd:Municipality>
							<wd:Postal_Code>SW1E 5DH</wd:Postal_Code>
							<wd:Usage_Data wd:Public="1">
								<wd:Type_Data wd:Primary="1">
									<wd:Type_Reference>
										<wd:ID wd:type="WID">1f27f250dfaa4724ab1e1617174281e4
										</wd:ID>
										<wd:ID wd:type="Communication_Usage_Type_ID">WORK</wd:ID>
									</wd:Type_Reference>
								</wd:Type_Data>
							</wd:Usage_Data>
							<wd:Number_of_Days>0</wd:Number_of_Days>
							<wd:Address_Reference>
								<wd:ID wd:type="WID">541d79e7cd250147eab4f9822f32e539</wd:ID>
								<wd:ID wd:type="Address_ID">ADDRESS_REFERENCE-6-930</wd:ID>
							</wd:Address_Reference>
							<wd:Address_ID>ADDRESS_REFERENCE-6-930</wd:Address_ID>
						</wd:Address_Data>
						<wd:Address_Data wd:Effective_Date="1996-01-01-08:00"
							wd:Address_Format_Type="Basic"
							wd:Formatted_Address="22 Painter's Yard&amp;#xa;10-14 Old Church St&amp;#xa;London&amp;#xa;SW3 5DQ&amp;#xa;United Kingdom"
							wd:Defaulted_Business_Site_Address="0">
							<wd:Country_Reference>
								<wd:ID wd:type="WID">29247e57dbaf46fb855b224e03170bc7</wd:ID>
								<wd:ID wd:type="ISO_3166-1_Alpha-2_Code">GB</wd:ID>
								<wd:ID wd:type="ISO_3166-1_Alpha-3_Code">GBR</wd:ID>
								<wd:ID wd:type="ISO_3166-1_Numeric-3_Code">826</wd:ID>
							</wd:Country_Reference>
							<wd:Last_Modified>2018-03-06T04:38:45.849-08:00
							</wd:Last_Modified>
							<wd:Address_Line_Data wd:Type="ADDRESS_LINE_1"
								wd:Descriptor="Address Line 1">22 Painter's Yard</wd:Address_Line_Data>
							<wd:Address_Line_Data wd:Type="ADDRESS_LINE_2"
								wd:Descriptor="Address Line 2">10-14 Old Church St</wd:Address_Line_Data>
							<wd:Municipality>London</wd:Municipality>
							<wd:Postal_Code>SW3 5DQ</wd:Postal_Code>
							<wd:Usage_Data wd:Public="0">
								<wd:Type_Data wd:Primary="1">
									<wd:Type_Reference>
										<wd:ID wd:type="WID">836cf00ef5974ac08b786079866c946f
										</wd:ID>
										<wd:ID wd:type="Communication_Usage_Type_ID">HOME</wd:ID>
									</wd:Type_Reference>
								</wd:Type_Data>
							</wd:Usage_Data>
							<wd:Number_of_Days>0</wd:Number_of_Days>
							<wd:Address_Reference>
								<wd:ID wd:type="WID">69bd8d24b03601e3ca811930e8351d2a</wd:ID>
								<wd:ID wd:type="Address_ID">ADDRESS_REFERENCE-6-935</wd:ID>
							</wd:Address_Reference>
							<wd:Address_ID>ADDRESS_REFERENCE-6-935</wd:Address_ID>
						</wd:Address_Data>
						<wd:Phone_Data wd:Formatted_Phone="+44  2073525353">
							<wd:Country_ISO_Code>GBR</wd:Country_ISO_Code>
							<wd:International_Phone_Code>44</wd:International_Phone_Code>
							<wd:Phone_Number>2073525353</wd:Phone_Number>
							<wd:Phone_Device_Type_Reference>
								<wd:ID wd:type="WID">541d79e7cd25018fffe4c93891313700</wd:ID>
								<wd:ID wd:type="Phone_Device_Type_ID">BUSN</wd:ID>
							</wd:Phone_Device_Type_Reference>
							<wd:Usage_Data wd:Public="1">
								<wd:Type_Data wd:Primary="1">
									<wd:Type_Reference>
										<wd:ID wd:type="WID">1f27f250dfaa4724ab1e1617174281e4
										</wd:ID>
										<wd:ID wd:type="Communication_Usage_Type_ID">WORK</wd:ID>
									</wd:Type_Reference>
								</wd:Type_Data>
							</wd:Usage_Data>
							<wd:Phone_Reference>
								<wd:ID wd:type="WID">69bd8d24b03601f6659a1a49df36f522</wd:ID>
								<wd:ID wd:type="Phone_ID">PHONE_REFERENCE-6-3525</wd:ID>
							</wd:Phone_Reference>
							<wd:ID>PHONE_REFERENCE-6-3525</wd:ID>
						</wd:Phone_Data>
						<wd:Email_Address_Data>
							<wd:Email_Address>sendtest@succeedconsultancy.com
							</wd:Email_Address>
							<wd:Usage_Data wd:Public="0">
								<wd:Type_Data wd:Primary="1">
									<wd:Type_Reference>
										<wd:ID wd:type="WID">836cf00ef5974ac08b786079866c946f
										</wd:ID>
										<wd:ID wd:type="Communication_Usage_Type_ID">HOME</wd:ID>
									</wd:Type_Reference>
								</wd:Type_Data>
							</wd:Usage_Data>
							<wd:Email_Reference>
								<wd:ID wd:type="WID">69bd8d24b0360156b1101b30e835202a</wd:ID>
								<wd:ID wd:type="Email_ID">EMAIL_REFERENCE-6-20</wd:ID>
							</wd:Email_Reference>
							<wd:ID>EMAIL_REFERENCE-6-20</wd:ID>
						</wd:Email_Address_Data>
						<wd:Email_Address_Data>
							<wd:Email_Address>sendtest@succeedconsultancy.com
							</wd:Email_Address>
							<wd:Usage_Data wd:Public="1">
								<wd:Type_Data wd:Primary="1">
									<wd:Type_Reference>
										<wd:ID wd:type="WID">1f27f250dfaa4724ab1e1617174281e4
										</wd:ID>
										<wd:ID wd:type="Communication_Usage_Type_ID">WORK</wd:ID>
									</wd:Type_Reference>
								</wd:Type_Data>
							</wd:Usage_Data>
							<wd:Email_Reference>
								<wd:ID wd:type="WID">69bd8d24b036013e823a1b30e835232a</wd:ID>
								<wd:ID wd:type="Email_ID">EMAIL_REFERENCE-6-21</wd:ID>
							</wd:Email_Reference>
							<wd:ID>EMAIL_REFERENCE-6-21</wd:ID>
						</wd:Email_Address_Data>
					</wd:Contact_Data>
					<wd:Tobacco_Use>0</wd:Tobacco_Use>
				</wd:Personal_Data>
				<wd:Employment_Data>
					<wd:Worker_Job_Data wd:Primary_Job="1">
						<wd:Position_Data wd:Effective_Date="1996-01-01-08:00">
							<wd:Position_Reference>
								<wd:ID wd:type="WID">69bd8d24b0360183aa41424344363d29</wd:ID>
								<wd:ID wd:type="Position_ID">49</wd:ID>
							</wd:Position_Reference>
							<wd:Position_ID>49</wd:Position_ID>
							<wd:Position_Title>Founder</wd:Position_Title>
							<wd:Business_Title>Founder</wd:Business_Title>
							<wd:Start_Date>1996-01-01-08:00</wd:Start_Date>
							<wd:Worker_Type_Reference>
								<wd:ID wd:type="WID">541d79e7cd25014af590ba6a94318200</wd:ID>
								<wd:ID wd:type="Employee_Type_ID">105</wd:ID>
							</wd:Worker_Type_Reference>
							<wd:Position_Time_Type_Reference>
								<wd:ID wd:type="WID">c20736734b4601dbd4b180396f2f5700</wd:ID>
								<wd:ID wd:type="Position_Time_Type_ID">Full_time</wd:ID>
							</wd:Position_Time_Type_Reference>
							<wd:Job_Exempt>0</wd:Job_Exempt>
							<wd:Scheduled_Weekly_Hours>37.5</wd:Scheduled_Weekly_Hours>
							<wd:Default_Weekly_Hours>37.5</wd:Default_Weekly_Hours>
							<wd:Working_Time_Value>0</wd:Working_Time_Value>
							<wd:Full_Time_Equivalent_Percentage>100
							</wd:Full_Time_Equivalent_Percentage>
							<wd:Exclude_from_Headcount>0</wd:Exclude_from_Headcount>
							<wd:Pay_Rate_Type_Reference>
								<wd:ID wd:type="WID">541d79e7cd25018913b2936098310506</wd:ID>
								<wd:ID wd:type="Pay_Rate_Type_ID">ANNUAL</wd:ID>
							</wd:Pay_Rate_Type_Reference>
							<wd:Job_Profile_Summary_Data>
								<wd:Job_Profile_Reference>
									<wd:ID wd:type="WID">541d79e7cd25018812cdf4b686324549</wd:ID>
									<wd:ID wd:type="Job_Profile_ID">10072</wd:ID>
								</wd:Job_Profile_Reference>
								<wd:Job_Exempt>0</wd:Job_Exempt>
								<wd:Job_Profile_Name>Founder</wd:Job_Profile_Name>
								<wd:Work_Shift_Required>0</wd:Work_Shift_Required>
								<wd:Critical_Job>0</wd:Critical_Job>
							</wd:Job_Profile_Summary_Data>
							<wd:Business_Site_Summary_Data>
								<wd:Location_Reference>
									<wd:ID wd:type="WID">541d79e7cd250174bf17fb282f327d26</wd:ID>
									<wd:ID wd:type="Location_ID">GBR-HP</wd:ID>
								</wd:Location_Reference>
								<wd:Name>UK Support Centre</wd:Name>
								<wd:Location_Type_Reference>
									<wd:ID wd:type="WID">541d79e7cd2501a12febd854e931b318</wd:ID>
									<wd:ID wd:type="Location_Type_ID">Support Centre</wd:ID>
								</wd:Location_Type_Reference>
								<wd:Local_Reference>
									<wd:ID wd:type="WID">d9e43bf2446c11de98360015c5e6daf6</wd:ID>
									<wd:ID wd:type="Locale_ID">en_GB</wd:ID>
								</wd:Local_Reference>
								<wd:Display_Language_Reference>
									<wd:ID wd:type="WID">da594226446c11de98360015c5e6daf6</wd:ID>
									<wd:ID wd:type="User_Language_ID">en_US</wd:ID>
								</wd:Display_Language_Reference>
								<wd:Time_Profile_Reference>
									<wd:ID wd:type="WID">541d79e7cd2501aede17d540e931ab18</wd:ID>
									<wd:ID wd:type="Time_Profile_ID">Standard_Hours_37_5</wd:ID>
								</wd:Time_Profile_Reference>
								<wd:Scheduled_Weekly_Hours>37.5</wd:Scheduled_Weekly_Hours>
								<wd:Address_Data wd:Effective_Date="1980-01-01-08:00"
									wd:Address_Format_Type="Basic"
									wd:Formatted_Address="75B, Verde, 10 Bressenden Pl&amp;#xa;Westminster&amp;#xa;London&amp;#xa;SW1E 5DH&amp;#xa;United Kingdom"
									wd:Defaulted_Business_Site_Address="0">
									<wd:Country_Reference>
										<wd:ID wd:type="WID">29247e57dbaf46fb855b224e03170bc7
										</wd:ID>
										<wd:ID wd:type="ISO_3166-1_Alpha-2_Code">GB</wd:ID>
										<wd:ID wd:type="ISO_3166-1_Alpha-3_Code">GBR</wd:ID>
										<wd:ID wd:type="ISO_3166-1_Numeric-3_Code">826</wd:ID>
									</wd:Country_Reference>
									<wd:Last_Modified>2018-02-22T01:40:47.282-08:00
									</wd:Last_Modified>
									<wd:Address_Line_Data wd:Type="ADDRESS_LINE_1"
										wd:Descriptor="Address Line 1">75B, Verde, 10 Bressenden Pl
									</wd:Address_Line_Data>
									<wd:Address_Line_Data wd:Type="ADDRESS_LINE_2"
										wd:Descriptor="Address Line 2">Westminster</wd:Address_Line_Data>
									<wd:Municipality>London</wd:Municipality>
									<wd:Postal_Code>SW1E 5DH</wd:Postal_Code>
									<wd:Usage_Data wd:Public="1">
										<wd:Type_Data wd:Primary="1">
											<wd:Type_Reference>
												<wd:ID wd:type="WID">4fae289a7fe541b098ca9448e462ff6b
												</wd:ID>
												<wd:ID wd:type="Communication_Usage_Type_ID">BUSINESS</wd:ID>
											</wd:Type_Reference>
										</wd:Type_Data>
									</wd:Usage_Data>
									<wd:Number_of_Days>0</wd:Number_of_Days>
									<wd:Address_Reference>
										<wd:ID wd:type="WID">541d79e7cd250147eab4f9822f32e539
										</wd:ID>
										<wd:ID wd:type="Address_ID">ADDRESS_REFERENCE-6-930</wd:ID>
									</wd:Address_Reference>
									<wd:Address_ID>ADDRESS_REFERENCE-6-930</wd:Address_ID>
								</wd:Address_Data>
							</wd:Business_Site_Summary_Data>
							<wd:Payroll_Interface_Processing_Data>
								<wd:Frequency_Reference>
									<wd:ID wd:type="WID">c20736734b46014f43e480396f2f5a00</wd:ID>
									<wd:ID wd:type="Frequency_ID">Monthly</wd:ID>
								</wd:Frequency_Reference>
							</wd:Payroll_Interface_Processing_Data>
							<wd:Manager_as_of_last_detected_manager_change_Reference>
								<wd:ID wd:type="WID">69bd8d24b03601c7d173331d46367749</wd:ID>
								<wd:ID wd:type="Employee_ID">02007186</wd:ID>
							</wd:Manager_as_of_last_detected_manager_change_Reference>
						</wd:Position_Data>
					</wd:Worker_Job_Data>
					<wd:Worker_Status_Data>
						<wd:Active>1</wd:Active>
						<wd:Active_Status_Date>1996-01-01-08:00</wd:Active_Status_Date>
						<wd:Hire_Date>1996-01-01-08:00</wd:Hire_Date>
						<wd:Original_Hire_Date>1996-01-01-08:00</wd:Original_Hire_Date>
						<wd:Hire_Reason_Reference>
							<wd:ID wd:type="WID">541d79e7cd2501d306d7e6f5a031b70f</wd:ID>
							<wd:ID wd:type="Event_Classification_Subcategory_ID">Hire_Employee_Data_Conversion_Data_Conversion
							</wd:ID>
							<wd:ID wd:type="General_Event_Subcategory_ID">Hire_Employee_Data_Conversion_Data_Conversion
							</wd:ID>
						</wd:Hire_Reason_Reference>
						<wd:Continuous_Service_Date>1996-01-01-08:00
						</wd:Continuous_Service_Date>
						<wd:First_Day_of_Work>1996-01-01-08:00</wd:First_Day_of_Work>
						<wd:Retired>0</wd:Retired>
						<wd:Seniority_Date>1996-01-01-08:00</wd:Seniority_Date>
						<wd:Company_Service_Date>1996-01-01-08:00
						</wd:Company_Service_Date>
						<wd:Days_Unemployed>0</wd:Days_Unemployed>
						<wd:Months_Continuous_Prior_Employment>0
						</wd:Months_Continuous_Prior_Employment>
						<wd:Terminated>0</wd:Terminated>
						<wd:Not_Eligible_for_Hire>0</wd:Not_Eligible_for_Hire>
						<wd:Regrettable_Termination>0</wd:Regrettable_Termination>
						<wd:Not_Eligible_for_Rehire>0</wd:Not_Eligible_for_Rehire>
						<wd:Hire_Rescinded>0</wd:Hire_Rescinded>
						<wd:Not_Returning>0</wd:Not_Returning>
						<wd:Return_Unknown>0</wd:Return_Unknown>
						<wd:Rehire>0</wd:Rehire>
					</wd:Worker_Status_Data>
					<wd:International_Assignment_Summary_Data>
						<wd:Has_International_Assignment>0
						</wd:Has_International_Assignment>
						<wd:Home_Country_Reference>
							<wd:ID wd:type="WID">29247e57dbaf46fb855b224e03170bc7</wd:ID>
							<wd:ID wd:type="ISO_3166-1_Alpha-2_Code">GB</wd:ID>
							<wd:ID wd:type="ISO_3166-1_Alpha-3_Code">GBR</wd:ID>
							<wd:ID wd:type="ISO_3166-1_Numeric-3_Code">826</wd:ID>
						</wd:Home_Country_Reference>
					</wd:International_Assignment_Summary_Data>
				</wd:Employment_Data>
			</wd:Worker_Data>
		</wd:Worker>
		<wd:Worker>
			<wd:Worker_Reference>
				<wd:ID wd:type="WID">69bd8d24b036016d409f561a46360d44</wd:ID>
				<wd:ID wd:type="Employee_ID">00000028</wd:ID>
			</wd:Worker_Reference>
			<wd:Worker_Descriptor>Kate Nicholls</wd:Worker_Descriptor>
			<wd:Worker_Data>
				<wd:Worker_ID>00000028</wd:Worker_ID>
				<wd:User_ID>00000028</wd:User_ID>
				<wd:Personal_Data>
					<wd:Name_Data>
						<wd:Legal_Name_Data>
							<wd:Name_Detail_Data wd:Formatted_Name="Kate Nicholls"
								wd:Reporting_Name="Nicholls, Kate">
								<wd:Country_Reference>
									<wd:ID wd:type="WID">29247e57dbaf46fb855b224e03170bc7</wd:ID>
									<wd:ID wd:type="ISO_3166-1_Alpha-2_Code">GB</wd:ID>
									<wd:ID wd:type="ISO_3166-1_Alpha-3_Code">GBR</wd:ID>
									<wd:ID wd:type="ISO_3166-1_Numeric-3_Code">826</wd:ID>
								</wd:Country_Reference>
								<wd:Prefix_Data>
									<wd:Title_Reference>
										<wd:ID wd:type="WID">541d79e7cd25017c5e426b2fab315516
										</wd:ID>
										<wd:ID wd:type="Predefined_Name_Component_ID">GBR_Mrs</wd:ID>
									</wd:Title_Reference>
									<wd:Title_Descriptor>Mrs</wd:Title_Descriptor>
								</wd:Prefix_Data>
								<wd:First_Name>Kate</wd:First_Name>
								<wd:Last_Name>Nicholls</wd:Last_Name>
							</wd:Name_Detail_Data>
						</wd:Legal_Name_Data>
						<wd:Preferred_Name_Data>
							<wd:Name_Detail_Data wd:Formatted_Name="Kate Nicholls"
								wd:Reporting_Name="Nicholls, Kate">
								<wd:Country_Reference>
									<wd:ID wd:type="WID">29247e57dbaf46fb855b224e03170bc7</wd:ID>
									<wd:ID wd:type="ISO_3166-1_Alpha-2_Code">GB</wd:ID>
									<wd:ID wd:type="ISO_3166-1_Alpha-3_Code">GBR</wd:ID>
									<wd:ID wd:type="ISO_3166-1_Numeric-3_Code">826</wd:ID>
								</wd:Country_Reference>
								<wd:Prefix_Data>
									<wd:Title_Reference>
										<wd:ID wd:type="WID">541d79e7cd25017c5e426b2fab315516
										</wd:ID>
										<wd:ID wd:type="Predefined_Name_Component_ID">GBR_Mrs</wd:ID>
									</wd:Title_Reference>
									<wd:Title_Descriptor>Mrs</wd:Title_Descriptor>
								</wd:Prefix_Data>
								<wd:First_Name>Kate</wd:First_Name>
								<wd:Last_Name>Nicholls</wd:Last_Name>
							</wd:Name_Detail_Data>
						</wd:Preferred_Name_Data>
					</wd:Name_Data>
					<wd:Identification_Data>
						<wd:National_ID>
							<wd:National_ID_Reference>
								<wd:ID wd:type="WID">69bd8d24b036016c8dfd2bb1823624ef</wd:ID>
							</wd:National_ID_Reference>
							<wd:National_ID_Data>
								<wd:ID>NX096029D</wd:ID>
								<wd:ID_Type_Reference>
									<wd:ID wd:type="WID">44f5ee0034f446f6b25acd32698d4d9f</wd:ID>
									<wd:ID wd:type="National_ID_Type_Code">GBR-NI</wd:ID>
								</wd:ID_Type_Reference>
								<wd:Country_Reference>
									<wd:ID wd:type="WID">29247e57dbaf46fb855b224e03170bc7</wd:ID>
									<wd:ID wd:type="ISO_3166-1_Alpha-2_Code">GB</wd:ID>
									<wd:ID wd:type="ISO_3166-1_Alpha-3_Code">GBR</wd:ID>
									<wd:ID wd:type="ISO_3166-1_Numeric-3_Code">826</wd:ID>
								</wd:Country_Reference>
							</wd:National_ID_Data>
							<wd:National_ID_Shared_Reference>
								<wd:ID wd:type="WID">69bd8d24b03601b1a8062cb1823625ef</wd:ID>
								<wd:ID wd:type="National_Identifier_Reference_ID">NATIONAL_IDENTIFIER_REFERENCE-6-2</wd:ID>
							</wd:National_ID_Shared_Reference>
						</wd:National_ID>
					</wd:Identification_Data>
					<wd:Contact_Data>
						<wd:Address_Data wd:Effective_Date="1980-01-01-08:00"
							wd:Address_Format_Type="Basic"
							wd:Formatted_Address="75B, Verde, 10 Bressenden Pl&amp;#xa;Westminster&amp;#xa;London&amp;#xa;SW1E 5DH&amp;#xa;United Kingdom"
							wd:Defaulted_Business_Site_Address="1">
							<wd:Country_Reference>
								<wd:ID wd:type="WID">29247e57dbaf46fb855b224e03170bc7</wd:ID>
								<wd:ID wd:type="ISO_3166-1_Alpha-2_Code">GB</wd:ID>
								<wd:ID wd:type="ISO_3166-1_Alpha-3_Code">GBR</wd:ID>
								<wd:ID wd:type="ISO_3166-1_Numeric-3_Code">826</wd:ID>
							</wd:Country_Reference>
							<wd:Last_Modified>2018-02-22T01:40:47.282-08:00
							</wd:Last_Modified>
							<wd:Address_Line_Data wd:Type="ADDRESS_LINE_1"
								wd:Descriptor="Address Line 1">75B, Verde, 10 Bressenden Pl
							</wd:Address_Line_Data>
							<wd:Address_Line_Data wd:Type="ADDRESS_LINE_2"
								wd:Descriptor="Address Line 2">Westminster</wd:Address_Line_Data>
							<wd:Municipality>London</wd:Municipality>
							<wd:Postal_Code>SW1E 5DH</wd:Postal_Code>
							<wd:Usage_Data wd:Public="1">
								<wd:Type_Data wd:Primary="1">
									<wd:Type_Reference>
										<wd:ID wd:type="WID">1f27f250dfaa4724ab1e1617174281e4
										</wd:ID>
										<wd:ID wd:type="Communication_Usage_Type_ID">WORK</wd:ID>
									</wd:Type_Reference>
								</wd:Type_Data>
							</wd:Usage_Data>
							<wd:Number_of_Days>0</wd:Number_of_Days>
							<wd:Address_Reference>
								<wd:ID wd:type="WID">541d79e7cd250147eab4f9822f32e539</wd:ID>
								<wd:ID wd:type="Address_ID">ADDRESS_REFERENCE-6-930</wd:ID>
							</wd:Address_Reference>
							<wd:Address_ID>ADDRESS_REFERENCE-6-930</wd:Address_ID>
						</wd:Address_Data>
						<wd:Address_Data wd:Effective_Date="1996-10-15-07:00"
							wd:Address_Format_Type="Basic"
							wd:Formatted_Address="11 Fishersdene&amp;#xa;Claygate&amp;#xa;Esher&amp;#xa;KT10 0HT&amp;#xa;United Kingdom"
							wd:Defaulted_Business_Site_Address="0">
							<wd:Country_Reference>
								<wd:ID wd:type="WID">29247e57dbaf46fb855b224e03170bc7</wd:ID>
								<wd:ID wd:type="ISO_3166-1_Alpha-2_Code">GB</wd:ID>
								<wd:ID wd:type="ISO_3166-1_Alpha-3_Code">GBR</wd:ID>
								<wd:ID wd:type="ISO_3166-1_Numeric-3_Code">826</wd:ID>
							</wd:Country_Reference>
							<wd:Last_Modified>2018-03-06T04:38:46.375-08:00
							</wd:Last_Modified>
							<wd:Address_Line_Data wd:Type="ADDRESS_LINE_1"
								wd:Descriptor="Address Line 1">11 Fishersdene</wd:Address_Line_Data>
							<wd:Address_Line_Data wd:Type="ADDRESS_LINE_2"
								wd:Descriptor="Address Line 2">Claygate</wd:Address_Line_Data>
							<wd:Municipality>Esher</wd:Municipality>
							<wd:Postal_Code>KT10 0HT</wd:Postal_Code>
							<wd:Usage_Data wd:Public="0">
								<wd:Type_Data wd:Primary="1">
									<wd:Type_Reference>
										<wd:ID wd:type="WID">836cf00ef5974ac08b786079866c946f
										</wd:ID>
										<wd:ID wd:type="Communication_Usage_Type_ID">HOME</wd:ID>
									</wd:Type_Reference>
								</wd:Type_Data>
							</wd:Usage_Data>
							<wd:Number_of_Days>0</wd:Number_of_Days>
							<wd:Address_Reference>
								<wd:ID wd:type="WID">69bd8d24b036015539433530e835292a</wd:ID>
								<wd:ID wd:type="Address_ID">ADDRESS_REFERENCE-6-936</wd:ID>
							</wd:Address_Reference>
							<wd:Address_ID>ADDRESS_REFERENCE-6-936</wd:Address_ID>
						</wd:Address_Data>
						<wd:Phone_Data wd:Formatted_Phone="+44  1372465139">
							<wd:Country_ISO_Code>GBR</wd:Country_ISO_Code>
							<wd:International_Phone_Code>44</wd:International_Phone_Code>
							<wd:Phone_Number>1372465139</wd:Phone_Number>
							<wd:Phone_Device_Type_Reference>
								<wd:ID wd:type="WID">541d79e7cd25018fffe4c93891313700</wd:ID>
								<wd:ID wd:type="Phone_Device_Type_ID">BUSN</wd:ID>
							</wd:Phone_Device_Type_Reference>
							<wd:Usage_Data wd:Public="1">
								<wd:Type_Data wd:Primary="1">
									<wd:Type_Reference>
										<wd:ID wd:type="WID">1f27f250dfaa4724ab1e1617174281e4
										</wd:ID>
										<wd:ID wd:type="Communication_Usage_Type_ID">WORK</wd:ID>
									</wd:Type_Reference>
								</wd:Type_Data>
							</wd:Usage_Data>
							<wd:Phone_Reference>
								<wd:ID wd:type="WID">69bd8d24b03601af842d4e0ddf3692d6</wd:ID>
								<wd:ID wd:type="Phone_ID">PHONE_REFERENCE-6-1482</wd:ID>
							</wd:Phone_Reference>
							<wd:ID>PHONE_REFERENCE-6-1482</wd:ID>
						</wd:Phone_Data>
						<wd:Email_Address_Data>
							<wd:Email_Address>sendtest@succeedconsultancy.com
							</wd:Email_Address>
							<wd:Usage_Data wd:Public="1">
								<wd:Type_Data wd:Primary="1">
									<wd:Type_Reference>
										<wd:ID wd:type="WID">1f27f250dfaa4724ab1e1617174281e4
										</wd:ID>
										<wd:ID wd:type="Communication_Usage_Type_ID">WORK</wd:ID>
									</wd:Type_Reference>
								</wd:Type_Data>
							</wd:Usage_Data>
							<wd:Email_Reference>
								<wd:ID wd:type="WID">69bd8d24b03601bf0ec83530e8352c2a</wd:ID>
								<wd:ID wd:type="Email_ID">EMAIL_REFERENCE-6-22</wd:ID>
							</wd:Email_Reference>
							<wd:ID>EMAIL_REFERENCE-6-22</wd:ID>
						</wd:Email_Address_Data>
					</wd:Contact_Data>
					<wd:Tobacco_Use>0</wd:Tobacco_Use>
				</wd:Personal_Data>
				<wd:Employment_Data>
					<wd:Worker_Job_Data wd:Primary_Job="1">
						<wd:Position_Data wd:Effective_Date="1996-10-15-07:00">
							<wd:Position_Reference>
								<wd:ID wd:type="WID">69bd8d24b0360159acb8561a46361244</wd:ID>
								<wd:ID wd:type="Position_ID">P_JM_28</wd:ID>
							</wd:Position_Reference>
							<wd:Position_ID>P_JM_28</wd:Position_ID>
							<wd:Position_Title>School Leaver Manager</wd:Position_Title>
							<wd:Business_Title>School Leaver Manager</wd:Business_Title>
							<wd:Start_Date>1996-10-15-07:00</wd:Start_Date>
							<wd:Worker_Type_Reference>
								<wd:ID wd:type="WID">541d79e7cd25014af590ba6a94318200</wd:ID>
								<wd:ID wd:type="Employee_Type_ID">105</wd:ID>
							</wd:Worker_Type_Reference>
							<wd:Position_Time_Type_Reference>
								<wd:ID wd:type="WID">c20736734b4601b265a180396f2f5600</wd:ID>
								<wd:ID wd:type="Position_Time_Type_ID">Part_time</wd:ID>
							</wd:Position_Time_Type_Reference>
							<wd:Job_Exempt>0</wd:Job_Exempt>
							<wd:Scheduled_Weekly_Hours>30</wd:Scheduled_Weekly_Hours>
							<wd:Default_Weekly_Hours>37.5</wd:Default_Weekly_Hours>
							<wd:Working_Time_Value>0</wd:Working_Time_Value>
							<wd:Full_Time_Equivalent_Percentage>80
							</wd:Full_Time_Equivalent_Percentage>
							<wd:Exclude_from_Headcount>0</wd:Exclude_from_Headcount>
							<wd:Pay_Rate_Type_Reference>
								<wd:ID wd:type="WID">541d79e7cd25018913b2936098310506</wd:ID>
								<wd:ID wd:type="Pay_Rate_Type_ID">ANNUAL</wd:ID>
							</wd:Pay_Rate_Type_Reference>
							<wd:Job_Profile_Summary_Data>
								<wd:Job_Profile_Reference>
									<wd:ID wd:type="WID">541d79e7cd25015c339af8b88632794a</wd:ID>
									<wd:ID wd:type="Job_Profile_ID">10572</wd:ID>
								</wd:Job_Profile_Reference>
								<wd:Job_Exempt>0</wd:Job_Exempt>
								<wd:Job_Profile_Name>Early Careers Manager
								</wd:Job_Profile_Name>
								<wd:Work_Shift_Required>0</wd:Work_Shift_Required>
								<wd:Critical_Job>0</wd:Critical_Job>
							</wd:Job_Profile_Summary_Data>
							<wd:Business_Site_Summary_Data>
								<wd:Location_Reference>
									<wd:ID wd:type="WID">541d79e7cd250174bf17fb282f327d26</wd:ID>
									<wd:ID wd:type="Location_ID">GBR-HP</wd:ID>
								</wd:Location_Reference>
								<wd:Name>UK Support Centre</wd:Name>
								<wd:Location_Type_Reference>
									<wd:ID wd:type="WID">541d79e7cd2501a12febd854e931b318</wd:ID>
									<wd:ID wd:type="Location_Type_ID">Support Centre</wd:ID>
								</wd:Location_Type_Reference>
								<wd:Local_Reference>
									<wd:ID wd:type="WID">d9e43bf2446c11de98360015c5e6daf6</wd:ID>
									<wd:ID wd:type="Locale_ID">en_GB</wd:ID>
								</wd:Local_Reference>
								<wd:Display_Language_Reference>
									<wd:ID wd:type="WID">da594226446c11de98360015c5e6daf6</wd:ID>
									<wd:ID wd:type="User_Language_ID">en_US</wd:ID>
								</wd:Display_Language_Reference>
								<wd:Time_Profile_Reference>
									<wd:ID wd:type="WID">541d79e7cd2501aede17d540e931ab18</wd:ID>
									<wd:ID wd:type="Time_Profile_ID">Standard_Hours_37_5</wd:ID>
								</wd:Time_Profile_Reference>
								<wd:Scheduled_Weekly_Hours>37.5</wd:Scheduled_Weekly_Hours>
								<wd:Address_Data wd:Effective_Date="1980-01-01-08:00"
									wd:Address_Format_Type="Basic"
									wd:Formatted_Address="75B, Verde, 10 Bressenden Pl&amp;#xa;Westminster&amp;#xa;London&amp;#xa;SW1E 5DH&amp;#xa;United Kingdom"
									wd:Defaulted_Business_Site_Address="0">
									<wd:Country_Reference>
										<wd:ID wd:type="WID">29247e57dbaf46fb855b224e03170bc7
										</wd:ID>
										<wd:ID wd:type="ISO_3166-1_Alpha-2_Code">GB</wd:ID>
										<wd:ID wd:type="ISO_3166-1_Alpha-3_Code">GBR</wd:ID>
										<wd:ID wd:type="ISO_3166-1_Numeric-3_Code">826</wd:ID>
									</wd:Country_Reference>
									<wd:Last_Modified>2018-02-22T01:40:47.282-08:00
									</wd:Last_Modified>
									<wd:Address_Line_Data wd:Type="ADDRESS_LINE_1"
										wd:Descriptor="Address Line 1">75B, Verde, 10 Bressenden Pl
									</wd:Address_Line_Data>
									<wd:Address_Line_Data wd:Type="ADDRESS_LINE_2"
										wd:Descriptor="Address Line 2">Westminster</wd:Address_Line_Data>
									<wd:Municipality>London</wd:Municipality>
									<wd:Postal_Code>SW1E 5DH</wd:Postal_Code>
									<wd:Usage_Data wd:Public="1">
										<wd:Type_Data wd:Primary="1">
											<wd:Type_Reference>
												<wd:ID wd:type="WID">4fae289a7fe541b098ca9448e462ff6b
												</wd:ID>
												<wd:ID wd:type="Communication_Usage_Type_ID">BUSINESS</wd:ID>
											</wd:Type_Reference>
										</wd:Type_Data>
									</wd:Usage_Data>
									<wd:Number_of_Days>0</wd:Number_of_Days>
									<wd:Address_Reference>
										<wd:ID wd:type="WID">541d79e7cd250147eab4f9822f32e539
										</wd:ID>
										<wd:ID wd:type="Address_ID">ADDRESS_REFERENCE-6-930</wd:ID>
									</wd:Address_Reference>
									<wd:Address_ID>ADDRESS_REFERENCE-6-930</wd:Address_ID>
								</wd:Address_Data>
							</wd:Business_Site_Summary_Data>
							<wd:Payroll_Interface_Processing_Data>
								<wd:Frequency_Reference>
									<wd:ID wd:type="WID">c20736734b46014f43e480396f2f5a00</wd:ID>
									<wd:ID wd:type="Frequency_ID">Monthly</wd:ID>
								</wd:Frequency_Reference>
							</wd:Payroll_Interface_Processing_Data>
							<wd:Manager_as_of_last_detected_manager_change_Reference>
								<wd:ID wd:type="WID">69bd8d24b03601c7d173331d46367749</wd:ID>
								<wd:ID wd:type="Employee_ID">02007186</wd:ID>
							</wd:Manager_as_of_last_detected_manager_change_Reference>
						</wd:Position_Data>
					</wd:Worker_Job_Data>
					<wd:Worker_Status_Data>
						<wd:Active>1</wd:Active>
						<wd:Active_Status_Date>1996-10-15-07:00</wd:Active_Status_Date>
						<wd:Hire_Date>1996-10-15-07:00</wd:Hire_Date>
						<wd:Original_Hire_Date>1996-10-15-07:00</wd:Original_Hire_Date>
						<wd:Hire_Reason_Reference>
							<wd:ID wd:type="WID">541d79e7cd2501d306d7e6f5a031b70f</wd:ID>
							<wd:ID wd:type="Event_Classification_Subcategory_ID">Hire_Employee_Data_Conversion_Data_Conversion
							</wd:ID>
							<wd:ID wd:type="General_Event_Subcategory_ID">Hire_Employee_Data_Conversion_Data_Conversion
							</wd:ID>
						</wd:Hire_Reason_Reference>
						<wd:Continuous_Service_Date>1996-10-15-07:00
						</wd:Continuous_Service_Date>
						<wd:First_Day_of_Work>1996-10-15-07:00</wd:First_Day_of_Work>
						<wd:Retired>0</wd:Retired>
						<wd:Seniority_Date>1996-10-15-07:00</wd:Seniority_Date>
						<wd:Company_Service_Date>1996-10-15-07:00
						</wd:Company_Service_Date>
						<wd:Days_Unemployed>0</wd:Days_Unemployed>
						<wd:Months_Continuous_Prior_Employment>0
						</wd:Months_Continuous_Prior_Employment>
						<wd:Terminated>0</wd:Terminated>
						<wd:Not_Eligible_for_Hire>0</wd:Not_Eligible_for_Hire>
						<wd:Regrettable_Termination>0</wd:Regrettable_Termination>
						<wd:Not_Eligible_for_Rehire>0</wd:Not_Eligible_for_Rehire>
						<wd:Hire_Rescinded>0</wd:Hire_Rescinded>
						<wd:Not_Returning>0</wd:Not_Returning>
						<wd:Return_Unknown>0</wd:Return_Unknown>
						<wd:Rehire>0</wd:Rehire>
					</wd:Worker_Status_Data>
					<wd:International_Assignment_Summary_Data>
						<wd:Has_International_Assignment>0
						</wd:Has_International_Assignment>
						<wd:Home_Country_Reference>
							<wd:ID wd:type="WID">29247e57dbaf46fb855b224e03170bc7</wd:ID>
							<wd:ID wd:type="ISO_3166-1_Alpha-2_Code">GB</wd:ID>
							<wd:ID wd:type="ISO_3166-1_Alpha-3_Code">GBR</wd:ID>
							<wd:ID wd:type="ISO_3166-1_Numeric-3_Code">826</wd:ID>
						</wd:Home_Country_Reference>
					</wd:International_Assignment_Summary_Data>
				</wd:Employment_Data>
			</wd:Worker_Data>
		</wd:Worker>
		<wd:Worker>
			<wd:Worker_Reference>
				<wd:ID wd:type="WID">69bd8d24b03601b1687f5c1a46361844</wd:ID>
				<wd:ID wd:type="Employee_ID">00000040</wd:ID>
			</wd:Worker_Reference>
			<wd:Worker_Descriptor>Valerie Pirovano</wd:Worker_Descriptor>
			<wd:Worker_Data>
				<wd:Worker_ID>00000040</wd:Worker_ID>
				<wd:User_ID>00000040</wd:User_ID>
				<wd:Personal_Data>
					<wd:Name_Data>
						<wd:Legal_Name_Data>
							<wd:Name_Detail_Data wd:Formatted_Name="Valerie Pirovano"
								wd:Reporting_Name="Pirovano, Valerie">
								<wd:Country_Reference>
									<wd:ID wd:type="WID">29247e57dbaf46fb855b224e03170bc7</wd:ID>
									<wd:ID wd:type="ISO_3166-1_Alpha-2_Code">GB</wd:ID>
									<wd:ID wd:type="ISO_3166-1_Alpha-3_Code">GBR</wd:ID>
									<wd:ID wd:type="ISO_3166-1_Numeric-3_Code">826</wd:ID>
								</wd:Country_Reference>
								<wd:Prefix_Data>
									<wd:Title_Reference>
										<wd:ID wd:type="WID">541d79e7cd2501dc8d28732fab315816
										</wd:ID>
										<wd:ID wd:type="Predefined_Name_Component_ID">GBR_Miss</wd:ID>
									</wd:Title_Reference>
									<wd:Title_Descriptor>Miss</wd:Title_Descriptor>
								</wd:Prefix_Data>
								<wd:First_Name>Valerie</wd:First_Name>
								<wd:Last_Name>Pirovano</wd:Last_Name>
							</wd:Name_Detail_Data>
						</wd:Legal_Name_Data>
						<wd:Preferred_Name_Data>
							<wd:Name_Detail_Data wd:Formatted_Name="Valerie Pirovano"
								wd:Reporting_Name="Pirovano, Valerie">
								<wd:Country_Reference>
									<wd:ID wd:type="WID">29247e57dbaf46fb855b224e03170bc7</wd:ID>
									<wd:ID wd:type="ISO_3166-1_Alpha-2_Code">GB</wd:ID>
									<wd:ID wd:type="ISO_3166-1_Alpha-3_Code">GBR</wd:ID>
									<wd:ID wd:type="ISO_3166-1_Numeric-3_Code">826</wd:ID>
								</wd:Country_Reference>
								<wd:Prefix_Data>
									<wd:Title_Reference>
										<wd:ID wd:type="WID">541d79e7cd2501dc8d28732fab315816
										</wd:ID>
										<wd:ID wd:type="Predefined_Name_Component_ID">GBR_Miss</wd:ID>
									</wd:Title_Reference>
									<wd:Title_Descriptor>Miss</wd:Title_Descriptor>
								</wd:Prefix_Data>
								<wd:First_Name>Valerie</wd:First_Name>
								<wd:Last_Name>Pirovano</wd:Last_Name>
							</wd:Name_Detail_Data>
						</wd:Preferred_Name_Data>
					</wd:Name_Data>
					<wd:Identification_Data>
						<wd:National_ID>
							<wd:National_ID_Reference>
								<wd:ID wd:type="WID">69bd8d24b03601162d3232b1823628ef</wd:ID>
							</wd:National_ID_Reference>
							<wd:National_ID_Data>
								<wd:ID>PB196303D</wd:ID>
								<wd:ID_Type_Reference>
									<wd:ID wd:type="WID">44f5ee0034f446f6b25acd32698d4d9f</wd:ID>
									<wd:ID wd:type="National_ID_Type_Code">GBR-NI</wd:ID>
								</wd:ID_Type_Reference>
								<wd:Country_Reference>
									<wd:ID wd:type="WID">29247e57dbaf46fb855b224e03170bc7</wd:ID>
									<wd:ID wd:type="ISO_3166-1_Alpha-2_Code">GB</wd:ID>
									<wd:ID wd:type="ISO_3166-1_Alpha-3_Code">GBR</wd:ID>
									<wd:ID wd:type="ISO_3166-1_Numeric-3_Code">826</wd:ID>
								</wd:Country_Reference>
							</wd:National_ID_Data>
							<wd:National_ID_Shared_Reference>
								<wd:ID wd:type="WID">69bd8d24b0360180367432b1823629ef</wd:ID>
								<wd:ID wd:type="National_Identifier_Reference_ID">NATIONAL_IDENTIFIER_REFERENCE-6-3</wd:ID>
							</wd:National_ID_Shared_Reference>
						</wd:National_ID>
					</wd:Identification_Data>
					<wd:Contact_Data>
						<wd:Address_Data wd:Effective_Date="1980-01-01-08:00"
							wd:Address_Format_Type="Basic"
							wd:Formatted_Address="125 Old Broad Street&amp;#xa;London&amp;#xa;EC2N 1DW&amp;#xa;United Kingdom"
							wd:Defaulted_Business_Site_Address="1">
							<wd:Country_Reference>
								<wd:ID wd:type="WID">29247e57dbaf46fb855b224e03170bc7</wd:ID>
								<wd:ID wd:type="ISO_3166-1_Alpha-2_Code">GB</wd:ID>
								<wd:ID wd:type="ISO_3166-1_Alpha-3_Code">GBR</wd:ID>
								<wd:ID wd:type="ISO_3166-1_Numeric-3_Code">826</wd:ID>
							</wd:Country_Reference>
							<wd:Last_Modified>2018-02-22T01:40:27.184-08:00
							</wd:Last_Modified>
							<wd:Address_Line_Data wd:Type="ADDRESS_LINE_1"
								wd:Descriptor="Address Line 1">125 Old Broad Street</wd:Address_Line_Data>
							<wd:Municipality>London</wd:Municipality>
							<wd:Postal_Code>EC2N 1DW</wd:Postal_Code>
							<wd:Usage_Data wd:Public="1">
								<wd:Type_Data wd:Primary="1">
									<wd:Type_Reference>
										<wd:ID wd:type="WID">1f27f250dfaa4724ab1e1617174281e4
										</wd:ID>
										<wd:ID wd:type="Communication_Usage_Type_ID">WORK</wd:ID>
									</wd:Type_Reference>
								</wd:Type_Data>
							</wd:Usage_Data>
							<wd:Number_of_Days>0</wd:Number_of_Days>
							<wd:Address_Reference>
								<wd:ID wd:type="WID">541d79e7cd250105bb704b7e2f322632</wd:ID>
								<wd:ID wd:type="Address_ID">ADDRESS_REFERENCE-6-671</wd:ID>
							</wd:Address_Reference>
							<wd:Address_ID>ADDRESS_REFERENCE-6-671</wd:Address_ID>
						</wd:Address_Data>
						<wd:Address_Data wd:Effective_Date="1997-04-03-08:00"
							wd:Address_Format_Type="Basic"
							wd:Formatted_Address="9 Moon House&amp;#xa;Railway Approach&amp;#xa;Harrow&amp;#xa;HA1 1XF&amp;#xa;United Kingdom"
							wd:Defaulted_Business_Site_Address="0">
							<wd:Country_Reference>
								<wd:ID wd:type="WID">29247e57dbaf46fb855b224e03170bc7</wd:ID>
								<wd:ID wd:type="ISO_3166-1_Alpha-2_Code">GB</wd:ID>
								<wd:ID wd:type="ISO_3166-1_Alpha-3_Code">GBR</wd:ID>
								<wd:ID wd:type="ISO_3166-1_Numeric-3_Code">826</wd:ID>
							</wd:Country_Reference>
							<wd:Last_Modified>2018-03-06T04:38:46.489-08:00
							</wd:Last_Modified>
							<wd:Address_Line_Data wd:Type="ADDRESS_LINE_1"
								wd:Descriptor="Address Line 1">9 Moon House</wd:Address_Line_Data>
							<wd:Address_Line_Data wd:Type="ADDRESS_LINE_2"
								wd:Descriptor="Address Line 2">Railway Approach</wd:Address_Line_Data>
							<wd:Municipality>Harrow</wd:Municipality>
							<wd:Postal_Code>HA1 1XF</wd:Postal_Code>
							<wd:Usage_Data wd:Public="0">
								<wd:Type_Data wd:Primary="1">
									<wd:Type_Reference>
										<wd:ID wd:type="WID">836cf00ef5974ac08b786079866c946f
										</wd:ID>
										<wd:ID wd:type="Communication_Usage_Type_ID">HOME</wd:ID>
									</wd:Type_Reference>
								</wd:Type_Data>
							</wd:Usage_Data>
							<wd:Number_of_Days>0</wd:Number_of_Days>
							<wd:Address_Reference>
								<wd:ID wd:type="WID">69bd8d24b036019e03f33a30e835322a</wd:ID>
								<wd:ID wd:type="Address_ID">ADDRESS_REFERENCE-6-937</wd:ID>
							</wd:Address_Reference>
							<wd:Address_ID>ADDRESS_REFERENCE-6-937</wd:Address_ID>
						</wd:Address_Data>
						<wd:Phone_Data wd:Formatted_Phone="+44  7.736674527E9">
							<wd:Country_ISO_Code>GBR</wd:Country_ISO_Code>
							<wd:International_Phone_Code>44</wd:International_Phone_Code>
							<wd:Phone_Number>7.736674527E9</wd:Phone_Number>
							<wd:Phone_Device_Type_Reference>
								<wd:ID wd:type="WID">541d79e7cd25018fffe4c93891313700</wd:ID>
								<wd:ID wd:type="Phone_Device_Type_ID">BUSN</wd:ID>
							</wd:Phone_Device_Type_Reference>
							<wd:Usage_Data wd:Public="1">
								<wd:Type_Data wd:Primary="1">
									<wd:Type_Reference>
										<wd:ID wd:type="WID">1f27f250dfaa4724ab1e1617174281e4
										</wd:ID>
										<wd:ID wd:type="Communication_Usage_Type_ID">WORK</wd:ID>
									</wd:Type_Reference>
								</wd:Type_Data>
							</wd:Usage_Data>
							<wd:Phone_Reference>
								<wd:ID wd:type="WID">69bd8d24b03601c1b599b822e036722b</wd:ID>
								<wd:ID wd:type="Phone_ID">PHONE_REFERENCE-6-10579</wd:ID>
							</wd:Phone_Reference>
							<wd:ID>PHONE_REFERENCE-6-10579</wd:ID>
						</wd:Phone_Data>
						<wd:Email_Address_Data>
							<wd:Email_Address>sendtest@succeedconsultancy.com
							</wd:Email_Address>
							<wd:Usage_Data wd:Public="0">
								<wd:Type_Data wd:Primary="1">
									<wd:Type_Reference>
										<wd:ID wd:type="WID">836cf00ef5974ac08b786079866c946f
										</wd:ID>
										<wd:ID wd:type="Communication_Usage_Type_ID">HOME</wd:ID>
									</wd:Type_Reference>
								</wd:Type_Data>
							</wd:Usage_Data>
							<wd:Email_Reference>
								<wd:ID wd:type="WID">69bd8d24b0360154aa193b30e835352a</wd:ID>
								<wd:ID wd:type="Email_ID">EMAIL_REFERENCE-6-23</wd:ID>
							</wd:Email_Reference>
							<wd:ID>EMAIL_REFERENCE-6-23</wd:ID>
						</wd:Email_Address_Data>
					</wd:Contact_Data>
					<wd:Tobacco_Use>0</wd:Tobacco_Use>
				</wd:Personal_Data>
				<wd:Employment_Data>
					<wd:Worker_Job_Data wd:Primary_Job="1">
						<wd:Position_Data wd:Effective_Date="1997-04-03-08:00">
							<wd:Position_Reference>
								<wd:ID wd:type="WID">69bd8d24b036016accb8464344364329</wd:ID>
								<wd:ID wd:type="Position_ID">10139</wd:ID>
							</wd:Position_Reference>
							<wd:Position_ID>10139</wd:Position_ID>
							<wd:Position_Title>Assist Man - FOH Old Broad Str
							</wd:Position_Title>
							<wd:Business_Title>Assist Man - FOH Cannon Stree
							</wd:Business_Title>
							<wd:Start_Date>1997-04-03-08:00</wd:Start_Date>
							<wd:Worker_Type_Reference>
								<wd:ID wd:type="WID">541d79e7cd25014af590ba6a94318200</wd:ID>
								<wd:ID wd:type="Employee_Type_ID">105</wd:ID>
							</wd:Worker_Type_Reference>
							<wd:Position_Time_Type_Reference>
								<wd:ID wd:type="WID">c20736734b4601dbd4b180396f2f5700</wd:ID>
								<wd:ID wd:type="Position_Time_Type_ID">Full_time</wd:ID>
							</wd:Position_Time_Type_Reference>
							<wd:Job_Exempt>0</wd:Job_Exempt>
							<wd:Scheduled_Weekly_Hours>42</wd:Scheduled_Weekly_Hours>
							<wd:Default_Weekly_Hours>42</wd:Default_Weekly_Hours>
							<wd:Working_Time_Value>0</wd:Working_Time_Value>
							<wd:Full_Time_Equivalent_Percentage>100
							</wd:Full_Time_Equivalent_Percentage>
							<wd:Exclude_from_Headcount>0</wd:Exclude_from_Headcount>
							<wd:Pay_Rate_Type_Reference>
								<wd:ID wd:type="WID">541d79e7cd25018913b2936098310506</wd:ID>
								<wd:ID wd:type="Pay_Rate_Type_ID">ANNUAL</wd:ID>
							</wd:Pay_Rate_Type_Reference>
							<wd:Job_Profile_Summary_Data>
								<wd:Job_Profile_Reference>
									<wd:ID wd:type="WID">541d79e7cd250138a28a3ec28632494f</wd:ID>
									<wd:ID wd:type="Job_Profile_ID">10001</wd:ID>
								</wd:Job_Profile_Reference>
								<wd:Job_Exempt>0</wd:Job_Exempt>
								<wd:Job_Profile_Name>Assist Man - FOH</wd:Job_Profile_Name>
								<wd:Work_Shift_Required>0</wd:Work_Shift_Required>
								<wd:Critical_Job>0</wd:Critical_Job>
							</wd:Job_Profile_Summary_Data>
							<wd:Business_Site_Summary_Data>
								<wd:Location_Reference>
									<wd:ID wd:type="WID">541d79e7cd25014773f64a7e2f322332</wd:ID>
									<wd:ID wd:type="Location_ID">GBR-382</wd:ID>
								</wd:Location_Reference>
								<wd:Name>Old Broad Street, 125</wd:Name>
								<wd:Location_Type_Reference>
									<wd:ID wd:type="WID">541d79e7cd25016f3bffd854e931b518</wd:ID>
									<wd:ID wd:type="Location_Type_ID">Pay Area 1</wd:ID>
								</wd:Location_Type_Reference>
								<wd:Location_Type_Reference>
									<wd:ID wd:type="WID">541d79e7cd250114f8cbd854e931b018</wd:ID>
									<wd:ID wd:type="Location_Type_ID">Shop</wd:ID>
								</wd:Location_Type_Reference>
								<wd:Local_Reference>
									<wd:ID wd:type="WID">d9e43bf2446c11de98360015c5e6daf6</wd:ID>
									<wd:ID wd:type="Locale_ID">en_GB</wd:ID>
								</wd:Local_Reference>
								<wd:Display_Language_Reference>
									<wd:ID wd:type="WID">da594226446c11de98360015c5e6daf6</wd:ID>
									<wd:ID wd:type="User_Language_ID">en_US</wd:ID>
								</wd:Display_Language_Reference>
								<wd:Time_Profile_Reference>
									<wd:ID wd:type="WID">541d79e7cd250129ac19d240e931aa18</wd:ID>
									<wd:ID wd:type="Time_Profile_ID">Standard_Hours_35</wd:ID>
								</wd:Time_Profile_Reference>
								<wd:Scheduled_Weekly_Hours>35</wd:Scheduled_Weekly_Hours>
								<wd:Address_Data wd:Effective_Date="1980-01-01-08:00"
									wd:Address_Format_Type="Basic"
									wd:Formatted_Address="125 Old Broad Street&amp;#xa;London&amp;#xa;EC2N 1DW&amp;#xa;United Kingdom"
									wd:Defaulted_Business_Site_Address="0">
									<wd:Country_Reference>
										<wd:ID wd:type="WID">29247e57dbaf46fb855b224e03170bc7
										</wd:ID>
										<wd:ID wd:type="ISO_3166-1_Alpha-2_Code">GB</wd:ID>
										<wd:ID wd:type="ISO_3166-1_Alpha-3_Code">GBR</wd:ID>
										<wd:ID wd:type="ISO_3166-1_Numeric-3_Code">826</wd:ID>
									</wd:Country_Reference>
									<wd:Last_Modified>2018-02-22T01:40:27.184-08:00
									</wd:Last_Modified>
									<wd:Address_Line_Data wd:Type="ADDRESS_LINE_1"
										wd:Descriptor="Address Line 1">125 Old Broad Street</wd:Address_Line_Data>
									<wd:Municipality>London</wd:Municipality>
									<wd:Postal_Code>EC2N 1DW</wd:Postal_Code>
									<wd:Usage_Data wd:Public="1">
										<wd:Type_Data wd:Primary="1">
											<wd:Type_Reference>
												<wd:ID wd:type="WID">4fae289a7fe541b098ca9448e462ff6b
												</wd:ID>
												<wd:ID wd:type="Communication_Usage_Type_ID">BUSINESS</wd:ID>
											</wd:Type_Reference>
										</wd:Type_Data>
									</wd:Usage_Data>
									<wd:Number_of_Days>0</wd:Number_of_Days>
									<wd:Address_Reference>
										<wd:ID wd:type="WID">541d79e7cd250105bb704b7e2f322632
										</wd:ID>
										<wd:ID wd:type="Address_ID">ADDRESS_REFERENCE-6-671</wd:ID>
									</wd:Address_Reference>
									<wd:Address_ID>ADDRESS_REFERENCE-6-671</wd:Address_ID>
								</wd:Address_Data>
							</wd:Business_Site_Summary_Data>
							<wd:Payroll_Interface_Processing_Data>
								<wd:Frequency_Reference>
									<wd:ID wd:type="WID">c20736734b46014f43e480396f2f5a00</wd:ID>
									<wd:ID wd:type="Frequency_ID">Monthly</wd:ID>
								</wd:Frequency_Reference>
							</wd:Payroll_Interface_Processing_Data>
							<wd:Manager_as_of_last_detected_manager_change_Reference>
								<wd:ID wd:type="WID">69bd8d24b03601c33c069d1e4636374c</wd:ID>
								<wd:ID wd:type="Employee_ID">02011185</wd:ID>
							</wd:Manager_as_of_last_detected_manager_change_Reference>
						</wd:Position_Data>
					</wd:Worker_Job_Data>
					<wd:Worker_Status_Data>
						<wd:Active>1</wd:Active>
						<wd:Active_Status_Date>1997-04-03-08:00</wd:Active_Status_Date>
						<wd:Hire_Date>1997-04-03-08:00</wd:Hire_Date>
						<wd:Original_Hire_Date>1997-04-03-08:00</wd:Original_Hire_Date>
						<wd:Hire_Reason_Reference>
							<wd:ID wd:type="WID">541d79e7cd2501d306d7e6f5a031b70f</wd:ID>
							<wd:ID wd:type="Event_Classification_Subcategory_ID">Hire_Employee_Data_Conversion_Data_Conversion
							</wd:ID>
							<wd:ID wd:type="General_Event_Subcategory_ID">Hire_Employee_Data_Conversion_Data_Conversion
							</wd:ID>
						</wd:Hire_Reason_Reference>
						<wd:Continuous_Service_Date>1997-04-03-08:00
						</wd:Continuous_Service_Date>
						<wd:First_Day_of_Work>1997-04-03-08:00</wd:First_Day_of_Work>
						<wd:Retired>0</wd:Retired>
						<wd:Seniority_Date>1997-04-03-08:00</wd:Seniority_Date>
						<wd:Company_Service_Date>1997-04-03-08:00
						</wd:Company_Service_Date>
						<wd:Days_Unemployed>0</wd:Days_Unemployed>
						<wd:Months_Continuous_Prior_Employment>0
						</wd:Months_Continuous_Prior_Employment>
						<wd:Terminated>0</wd:Terminated>
						<wd:Not_Eligible_for_Hire>0</wd:Not_Eligible_for_Hire>
						<wd:Regrettable_Termination>0</wd:Regrettable_Termination>
						<wd:Not_Eligible_for_Rehire>0</wd:Not_Eligible_for_Rehire>
						<wd:Hire_Rescinded>0</wd:Hire_Rescinded>
						<wd:Not_Returning>0</wd:Not_Returning>
						<wd:Return_Unknown>0</wd:Return_Unknown>
						<wd:Rehire>0</wd:Rehire>
					</wd:Worker_Status_Data>
					<wd:International_Assignment_Summary_Data>
						<wd:Has_International_Assignment>0
						</wd:Has_International_Assignment>
						<wd:Home_Country_Reference>
							<wd:ID wd:type="WID">29247e57dbaf46fb855b224e03170bc7</wd:ID>
							<wd:ID wd:type="ISO_3166-1_Alpha-2_Code">GB</wd:ID>
							<wd:ID wd:type="ISO_3166-1_Alpha-3_Code">GBR</wd:ID>
							<wd:ID wd:type="ISO_3166-1_Numeric-3_Code">826</wd:ID>
						</wd:Home_Country_Reference>
					</wd:International_Assignment_Summary_Data>
				</wd:Employment_Data>
			</wd:Worker_Data>
		</wd:Worker>
	</wd:Response_Data>
</wd:Get_Workers_Response>