{"groupId":"b0beec90-c6cc-4c36-8f7c-ef1f8f91253b","assetId":"pbs-sample","version":"2.0.5","apiVersion":"v1","main":"pbs-sample.raml","name":"pbs-sample","tags":[],"classifier":"raml","originalFormatVersion":"1.0","dependencies":[{"groupId":"b0beec90-c6cc-4c36-8f7c-ef1f8f91253b","assetId":"istika-common-header-library","version":"1.0.1"},{"groupId":"b0beec90-c6cc-4c36-8f7c-ef1f8f91253b","assetId":"istika-error-responses","version":"1.0.0"},{"groupId":"68ef9520-24e9-4cf2-b2f5-620025690913","assetId":"anypoint-best-practices","version":"1.0.3","scope":"validation"}],"descriptorVersion":"1.0.0","metadata":{"projectId":"0580a896-9936-444b-95b3-eb38c3651832","branchId":"master","commitId":"ff799c9d0c3138fe6920d1deeeafc007d03b3c24"},"organizationId":"b0beec90-c6cc-4c36-8f7c-ef1f8f91253b"}